sheet,row,question,category,sub_category,current_mapped_unit,current_mapped_topic,assigned_unit_id,assigned_sub_unit_id,assigned_unit_name,final_exam_only,classified_by,suggested_mapped_unit,suggested_mapped_topic,suggested_action,notes
end-of-unit,32,In which situation is fog likely to form?,Weather,"Effects on Performance, fog",Operations,General operations,6,631,Unit 6 — Weather Effects on Performance,,keyword[Obstacle / terrain turbulence] (cat=Weather),Weather and Weather Sources,General weather concepts,Replace K/L,Unit 6 — General weather concepts
end-of-unit,33,What is the primary reason why air density decreases as altitude increases?,Weather,"Effects on Performance, air Density",Operations,General operations,6,61,Unit 6 — Weather Effects on Performance,,category=Weather / sub=Air density/pressure,Weather and Weather Sources,Density altitude & performance,Replace K/L,Unit 6 — Density altitude & performance
end-of-unit,34,(Refer to figure 15 FAA-CT-8080-2H) At what time does the visibility improve to greater than 6 statute miles?,Weather,"Sources, TAF",Operations,General operations,,,FINAL_EXAM (no unit quiz),yes,category=Weather / sub=TAF → FINAL_EXAM,Weather and Weather Sources,TAF interpretation,Clear K/L or leave blank — final-exam figure question,requires FAA-CT figure (cross-section chart reading)
end-of-unit,36,(Refer to figure 15 FAA-CT-8080-2H) What is the forecasted ceiling at 051200Z?,Weather,"Sources, TAF",Operations,General operations,,,FINAL_EXAM (no unit quiz),yes,category=Weather / sub=TAF → FINAL_EXAM,Weather and Weather Sources,TAF interpretation,Clear K/L or leave blank — final-exam figure question,requires FAA-CT figure (cross-section chart reading)
end-of-unit,38,"(Refer to figure 15 FAA-CT-8080-2H) What weather phenomenon is associated with ""OVC008CB""?",Weather,"Sources, TAF",Operations,General operations,,,FINAL_EXAM (no unit quiz),yes,category=Weather / sub=TAF → FINAL_EXAM,Weather and Weather Sources,TAF interpretation,Clear K/L or leave blank — final-exam figure question,requires FAA-CT figure (cross-section chart reading)
end-of-unit,42,(Refer to Figure 15 FAA-CT-8080-2H) What is the forecast visibility for KMEM at the beginning of the TAF period (1218Z)?,Weather,"Sources, TAF",Operations,General operations,,,FINAL_EXAM (no unit quiz),yes,category=Weather / sub=TAF → FINAL_EXAM,Weather and Weather Sources,TAF interpretation,Clear K/L or leave blank — final-exam figure question,requires FAA-CT figure (cross-section chart reading)
end-of-unit,45,(Refer to Figure 15 FAA-CT-8080-2H) What is the forecast ceiling for KMEM from 1220Z to 1222Z?,Weather,"Sources, TAF",Operations,General operations,,,FINAL_EXAM (no unit quiz),yes,category=Weather / sub=TAF → FINAL_EXAM,Weather and Weather Sources,TAF interpretation,Clear K/L or leave blank — final-exam figure question,requires FAA-CT figure (cross-section chart reading)
end-of-unit,46,(Refer to Figure 15 FAA-CT-8080-2H) When is fog expected to occur according to the TAF?,Weather,"Sources, TAF",Operations,General operations,,,FINAL_EXAM (no unit quiz),yes,category=Weather / sub=TAF → FINAL_EXAM,Weather and Weather Sources,TAF interpretation,Clear K/L or leave blank — final-exam figure question,requires FAA-CT figure (cross-section chart reading)
end-of-unit,47,(Refer to Figure 15 FAA-CT-8080-2H) What is the forecast wind direction and speed at KMEM from 1202Z to 1205Z?,Weather,"Sources, TAF",Operations,General operations,,,FINAL_EXAM (no unit quiz),yes,category=Weather / sub=TAF → FINAL_EXAM,Weather and Weather Sources,TAF interpretation,Clear K/L or leave blank — final-exam figure question,requires FAA-CT figure (cross-section chart reading)
end-of-unit,48,(Refer to Figure 15 FAA-CT-8080-2H) The forecast ceiling at KMEM from 1200Z to 1220Z is:,Weather,"Sources, TAF",Operations,General operations,,,FINAL_EXAM (no unit quiz),yes,category=Weather / sub=TAF → FINAL_EXAM,Weather and Weather Sources,TAF interpretation,Clear K/L or leave blank — final-exam figure question,requires FAA-CT figure (cross-section chart reading)
end-of-unit,51,Which chart type covers the entire U.S. and is revised semi-annually?,Airports & airspace,Sectional & Terminal Charts,Operations,General operations,2,241,"Unit 2 — Airports, Airspace & Data Sources",,sub-category=Sectional & Terminal Charts,Airspace Classification and Operating Requirements,Controlled vs uncontrolled airspace / ATC authorization,Replace K/L,Charts (Unit 2)
end-of-unit,54,What is the scale of a Terminal Area Chart?,Airports & airspace,Sectional & Terminal Charts,Operations,General operations,2,241,"Unit 2 — Airports, Airspace & Data Sources",,sub-category=Sectional & Terminal Charts,Airspace Classification and Operating Requirements,Controlled vs uncontrolled airspace / ATC authorization,Replace K/L,Charts (Unit 2)
end-of-unit,78,What should sUAS operators be aware of when operating within 5 miles of an airport?,,,Operations,General operations,1,,Unit 1 — Part 107 Regulations,,keyword[Generic Part 107],Regulations,Part 107 regulations and compliance,Replace K/L,Clear General operations; Category=Regulations
end-of-unit,90,Part 107 primarily governs which type of sUAS operations?,Regulations,Slide 3 – Applicability,Operations,General operations,1,11,Unit 1 — Part 107 Regulations,,sub-category=Applicability,Regulations,Part 107 regulations and compliance,Replace K/L,Clear General operations; Category=Regulations
end-of-unit,91,Which operation originally required a waiver under early Part 107 rules?,Regulations,Slide 4 – Applicability,Operations,General operations,1,11,Unit 1 — Part 107 Regulations,,sub-category=Applicability,Regulations,Part 107 regulations and compliance,Replace K/L,Clear General operations; Category=Regulations
end-of-unit,92,What credential is required to fly under Part 107 without special exemptions?,Regulations,Slide 5 – Applicability,Operations,General operations,1,11,Unit 1 — Part 107 Regulations,,sub-category=Applicability,Regulations,Part 107 regulations and compliance,Replace K/L,Clear General operations; Category=Regulations
end-of-unit,93,Which operation is NOT subject to Part 107?,Regulations,Slide 6 – Applicability Exclusions,Operations,General operations,1,11,Unit 1 — Part 107 Regulations,,sub-category=Applicability,Regulations,Part 107 regulations and compliance,Replace K/L,Clear General operations; Category=Regulations
end-of-unit,95,"Under Part 107, who is ultimately responsible for the safety of the flight?",Regulations,Slide 10 – RPIC,Operations,General operations,1,12,Unit 1 — Part 107 Regulations,,category=Regulations / sub='Slide 10 – RPIC',Regulations,Part 107 regulations and compliance,Replace K/L,Clear General operations; Category=Regulations
end-of-unit,96,Which action is required before each flight under Part 107?,Regulations,Slide 12 – RPIC Duties,Operations,General operations,1,12,Unit 1 — Part 107 Regulations,,category=Regulations / sub='Slide 12 – RPIC Duties',Regulations,Part 107 regulations and compliance,Replace K/L,Clear General operations; Category=Regulations
end-of-unit,97,The person manipulating the flight controls must be:,Regulations,Slide 14–15 Person Manipulating Controls,Operations,General operations,1,12,Unit 1 — Part 107 Regulations,,category=Regulations / sub='Slide 14–15 Person Manipulating Controls',Regulations,Part 107 regulations and compliance,Replace K/L,Clear General operations; Category=Regulations
end-of-unit,100,"If a sUAS goes out of VLOS for more than 15 seconds, the RPIC should:",Regulations,Slide 21 – Communication,Operations,General operations,1,12,Unit 1 — Part 107 Regulations,,category=Regulations / sub='Slide 21 – Communication',Regulations,Part 107 regulations and compliance,Replace K/L,Clear General operations; Category=Regulations
end-of-unit,101,Nonrecreational drones must be registered under which regulation?,Regulations,Slide 25 – Aircraft Registration,Operations,General operations,1,131,Unit 1 — Part 107 Regulations,,category=Regulations / sub='Slide 25 – Aircraft Registration',Regulations,Part 107 regulations and compliance,Replace K/L,Clear General operations; Category=Regulations
end-of-unit,102,"Upon request, the RPIC must present which document?",Regulations,Slide 27 – Inspection & Compliance,Operations,General operations,1,131,Unit 1 — Part 107 Regulations,,category=Regulations / sub='Slide 27 – Inspection & Compliance',Regulations,Part 107 regulations and compliance,Replace K/L,Clear General operations; Category=Regulations
end-of-unit,103,When must a sUAS accident be reported to the FAA?,Regulations,Slide 32 – Accident Reporting,Operations,General operations,1,132,Unit 1 — Part 107 Regulations,,category=Regulations / sub='Slide 32 – Accident Reporting',Regulations,Part 107 regulations and compliance,Replace K/L,Clear General operations; Category=Regulations
end-of-unit,105,Which action is considered reckless under Part 107?,Regulations,Slide 34 – Hazardous Operations,Operations,General operations,1,132,Unit 1 — Part 107 Regulations,,category=Regulations / sub='Slide 34 – Hazardous Operations',Regulations,Part 107 regulations and compliance,Replace K/L,Clear General operations; Category=Regulations
end-of-unit,106,A medical certificate is required to fly under Part 107:,Regulations,Slide 37 – Medical Condition,Operations,General operations,1,133,Unit 1 — Part 107 Regulations,,category=Regulations / sub='Slide 37 – Medical Condition',Regulations,Part 107 regulations and compliance,Replace K/L,Clear General operations; Category=Regulations
end-of-unit,109,Anticollision lights used for night operations must be visible for at least:,Regulations,Slide 46 – Night Operations,Operations,General operations,1,17,Unit 1 — Part 107 Regulations,,category=Regulations / sub='Slide 46 – Night Operations',Regulations,Part 107 regulations and compliance,Replace K/L,Clear General operations; Category=Regulations
end-of-unit,114,"Operations in Class B, C, D, or surface Class E airspace require:",Regulations,Slide 68 – Airspace,Operations,General operations,1,138,Unit 1 — Part 107 Regulations,,category=Regulations / sub='Slide 68 – Airspace',Regulations,Part 107 regulations and compliance,Replace K/L,Clear General operations; Category=Regulations
end-of-unit,115,What is the maximum allowable altitude under Part 107?,Regulations,Slide 74 – Operating Limitations,Operations,General operations,1,139,Unit 1 — Part 107 Regulations,,category=Regulations / sub='Slide 74 – Operating Limitations',Regulations,Part 107 regulations and compliance,Replace K/L,Clear General operations; Category=Regulations
end-of-unit,116,Minimum flight visibility required is:,Regulations,Slide 75 – Visibility & Clouds,Operations,General operations,1,139,Unit 1 — Part 107 Regulations,,category=Regulations / sub='Slide 75 – Visibility & Clouds',Regulations,Part 107 regulations and compliance,Replace K/L,Clear General operations; Category=Regulations
end-of-unit,119,The purpose of Remote ID is to:,Regulations,Slide 91 – Remote ID,Operations,General operations,1,15,Unit 1 — Part 107 Regulations,,category=Regulations / sub='Slide 91 – Remote ID',Regulations,Part 107 regulations and compliance,Replace K/L,Clear General operations; Category=Regulations
end-of-unit,120,Which is NOT a Remote ID compliance method?,Regulations,Slide 93 – Remote ID Compliance,Operations,General operations,1,15,Unit 1 — Part 107 Regulations,,category=Regulations / sub='Slide 93 – Remote ID Compliance',Regulations,Part 107 regulations and compliance,Replace K/L,Clear General operations; Category=Regulations
end-of-unit,121,FAA-Recognized Identification Areas (FRIAs) allow operations:,Regulations,Slide 109 – FRIA,Operations,General operations,1,15,Unit 1 — Part 107 Regulations,,category=Regulations / sub='Slide 109 – FRIA',Regulations,Part 107 regulations and compliance,Replace K/L,Clear General operations; Category=Regulations
end-of-unit,123,Which category requires an Airworthiness Certificate under Part 21?,Regulations,Slide 125 – Category 4,Operations,General operations,1,16,Unit 1 — Part 107 Regulations,,category=Regulations / sub='Slide 125 – Category 4',Regulations,Part 107 regulations and compliance,Replace K/L,Clear General operations; Category=Regulations
test,2,What regulation governs access to SIDA areas?,Airports & Airspace,Airport Operations,Operations,General operations,4,45,Unit 4 — Airport Operations,,keyword[Security/Wildlife] (cat=A&A),Operations,Airport operations and traffic patterns,Replace K/L,Airport ops (Unit 4)
test,7,"(Refer to FAA-CT-8080-2H, Figure 12.) Which stations are reporting weather that would prohibit UAS operations?",weather,"Sources, Metar",Operations,General operations,,,FINAL_EXAM (no unit quiz),yes,category=Weather / sub=METAR → FINAL_EXAM,Weather and Weather Sources,METAR interpretation,Clear K/L or leave blank — final-exam figure question,requires FAA-CT figure (cross-section chart reading)
test,9,"(Refer to FAA-CT-8080-2H, Figure 2.) If an unmanned airplane weighs 33 pounds, what approximate weight would the airplane structure be required to support during a 30° banked turn while maintaining altitude?",Loading & Performance,loading and performance,Operations,General operations,,,FINAL_EXAM (no unit quiz),yes,keyword[Banked turn load factor] → FINAL_EXAM,Aircraft Loading and Performance,"Weight, balance, and performance",Clear K/L or leave blank — final-exam figure question,requires FAA-CT figure (cross-section chart reading)
test,11,"(Refer to FAA-CT-8080-2H, Figure 20, area 2.) Why would the small flag at Lake Drummond of the sectional chart be important to a remote pilot?",Airports & Airspace,Aeronautical Charts,Operations,General operations,,,FINAL_EXAM (no unit quiz),yes,keyword[Charts/Sectional] (cat=A&A) → FINAL_EXAM,Airspace Classification and Operating Requirements,Controlled vs uncontrolled airspace / ATC authorization,Clear K/L or leave blank — final-exam figure question,requires FAA-CT figure (cross-section chart reading)
test,14,"(Refer to FAA-CT-8080-2H, Figure 20, area 5.) How would a remote PIC ""CHECK NOTAMS"" as noted in the CAUTION box regarding the unmarked balloon?",Airports & Airspace,"Overview, NOTAMS",Operations,General operations,,,FINAL_EXAM (no unit quiz),yes,keyword[NOTAMs/TFR] (cat=A&A) → FINAL_EXAM,Airspace Classification and Operating Requirements,Controlled vs uncontrolled airspace / ATC authorization,Clear K/L or leave blank — final-exam figure question,requires FAA-CT figure (cross-section chart reading)
test,23,"(Refer to FAA-CT-8080-2H, Figure 25, area 2.) What is the base of Class B airspace at Lakeview (30F) Airport?",Airports & Airspace,"Airspace Classifications,",Operations,General operations,,,FINAL_EXAM (no unit quiz),yes,keyword[Class B] (cat=A&A) → FINAL_EXAM,Airspace Classification and Operating Requirements,Controlled vs uncontrolled airspace / ATC authorization,Clear K/L or leave blank — final-exam figure question,requires FAA-CT figure (cross-section chart reading)
test,24,"(Refer to FAA-CT-8080-2H, Figure 25, area 3.) The floor of Class B airspace at Dallas Executive (RBD) is",Airports & Airspace,"Airspace Classifications,",Operations,General operations,,,FINAL_EXAM (no unit quiz),yes,keyword[Class B] (cat=A&A) → FINAL_EXAM,Airspace Classification and Operating Requirements,Controlled vs uncontrolled airspace / ATC authorization,Clear K/L or leave blank — final-exam figure question,requires FAA-CT figure (cross-section chart reading)
test,25,"(Refer to FAA-CT-8080-2H, Figure 26, area 2.) While monitoring the Cooperstown CTAF you hear an aircraft announce that they are midfield left downwind to RWY 13. Where would the aircraft be relative to the runway?",Airports & Airspace,"Airspace Classifications,",Operations,General operations,,,FINAL_EXAM (no unit quiz),yes,keyword[Traffic Patterns] (cat=A&A) → FINAL_EXAM,Airspace Classification and Operating Requirements,Controlled vs uncontrolled airspace / ATC authorization,Clear K/L or leave blank — final-exam figure question,requires FAA-CT figure (cross-section chart reading)
test,26,"(Refer to FAA-CT-8080-2H, Figure 26, area 4.) You have been hired to inspect the tower under construction at 46.9N and 98.6W, near Jamestown Regional (JMS). What must you receive prior to flying your unmanned aircraft in this area?",Airports & Airspace,"Airspace Classifications,",Operations,General operations,,,FINAL_EXAM (no unit quiz),yes,keyword[NAS/ATC] (cat=A&A) → FINAL_EXAM,Airspace Classification and Operating Requirements,Controlled vs uncontrolled airspace / ATC authorization,Clear K/L or leave blank — final-exam figure question,requires FAA-CT figure (cross-section chart reading)
test,75,(Refer to Figure 78) You have contracted to inspect towers located approximately 4NM South West of the Sioux Gateway (SUX) airport operating an UA. What is the maximum altitude above ground level (AGL) that you are authorized to operate over the top of the towers?,Airports & Airspace,Controlled vs Non controlled Airspace,Operations,General operations,,,FINAL_EXAM (no unit quiz),yes,keyword[Operating limitations] (cat=A&A fallback) → FINAL_EXAM,Airspace Classification and Operating Requirements,Controlled vs uncontrolled airspace / ATC authorization,Clear K/L or leave blank — final-exam figure question,requires FAA-CT figure (cross-section chart reading)
test,84,A person whose sole task is watching the sUAS to report hazards to the rest of the crew is called:,Regulations,Roles,Operations,General operations,1,12,Unit 1 — Part 107 Regulations,,sub-category=Roles,Regulations,Part 107 regulations and compliance,Replace K/L,Clear General operations; Category=Regulations
test,86,"A remote pilot plans to operate a small UAS from a high-elevation airport on a hot, humid afternoon. What should the pilot expect?",weather,"effects on performance, air density alt, pressure",Operations,General operations,6,61,Unit 6 — Weather Effects on Performance,,category=Weather / sub=Air density/pressure,Weather and Weather Sources,Density altitude & performance,Replace K/L,Unit 6 — Density altitude & performance
test,88,A stable air mass is most likely to have which characteristic,Weather,"effects on performance, atmosheric stability",Operations,General operations,6,631,Unit 6 — Weather Effects on Performance,,keyword[Obstacle / terrain turbulence] (cat=Weather),Weather and Weather Sources,General weather concepts,Replace K/L,Unit 6 — General weather concepts
test,90,A sudden change in wind speed and direction is called what?,weather,"effects on performance, wind",Operations,General operations,6,632,Unit 6 — Weather Effects on Performance,,keyword[Wind shear / microburst] (cat=Weather),Weather and Weather Sources,General weather concepts,Replace K/L,Unit 6 — General weather concepts
test,93,A TAF is for how many hours or what period of time?,Weather,"sources, TAF",Operations,General operations,5,55,Unit 5 — Weather (sources),,category=Weather / sub=TAF,Weather and Weather Sources,TAF interpretation,Replace K/L,Unit 5 — TAF interpretation
test,104,"According to 14 CFR part 107, what is the maximum groundspeed for a small UA?",Regulations,Operating Rules,Operations,General operations,1,139,Unit 1 — Part 107 Regulations,,keyword[Operating limitations] (cat=Regulations),Regulations,Part 107 regulations and compliance,Replace K/L,Clear General operations; Category=Regulations
test,105,"According to 14 CFR part 107, who is responsible for determining the performance of a small unmanned aircraft?",Regulations,Roles,Operations,General operations,1,12,Unit 1 — Part 107 Regulations,,sub-category=Roles,Regulations,Part 107 regulations and compliance,Replace K/L,Clear General operations; Category=Regulations
test,107,"According to 14 CFR part 48, when would a small UA owner not be permitted to register it?",Regulations,Regulations,Operations,General operations,1,131,Unit 1 — Part 107 Regulations,,keyword[Registration/Inspection] (cat=Regulations),Regulations,Part 107 regulations and compliance,Replace K/L,Clear General operations; Category=Regulations
test,109,"After receiving a part 107 remote pilot certificate with an sUAS rating, how often must you satisfy recurrent training requirements?",Regulations,Operating rules,Operations,General operations,1,12,Unit 1 — Part 107 Regulations,,keyword[Roles & Crew] (cat=Regulations),Regulations,Part 107 regulations and compliance,Replace K/L,Clear General operations; Category=Regulations
test,114,An sUAS can fly in a prohibited area because there is no one inside it.,Airports & Airspace,"airspace classifications, Prohibited areas",Operations,General operations,3,332,Unit 3 — Airspace Classifications,,keyword[Prohibited] (cat=A&A),Airspace Classification and Operating Requirements,Controlled vs uncontrolled airspace / ATC authorization,Replace K/L,Airspace classification (Unit 3)
test,116,An sUAS operator does not need prior authorization to fly in which airspace?,Airports & Airspace,"Airspace Classifications,",Operations,General operations,3,322,Unit 3 — Airspace Classifications,,keyword[Class B] (cat=A&A),Airspace Classification and Operating Requirements,Controlled vs uncontrolled airspace / ATC authorization,Replace K/L,Airspace classification (Unit 3)
test,119,Are sUAS operators required to report bird strikes?,Airports & Airspace,"Airport Operations, wildlife",Operations,General operations,1,,Unit 1 — Part 107 Regulations,,keyword[Generic Part 107] (cat=A&A fallback),Operations,Airport operations and traffic patterns,Replace K/L,Wildlife near airports — Unit 4 (not General operations or Regulations)
test,122,"As landing an sUAS at night is particularly challenging, select a landing area:",Regulations,Flying at Night,Operations,General operations,1,17,Unit 1 — Part 107 Regulations,,keyword[Night ops] (cat=Regulations),Regulations,Part 107 regulations and compliance,Replace K/L,Clear General operations; Category=Regulations
test,123,"As part of an overall safety risk assessment for flight, when should the Remote Pilot in Command check and consider weather conditions in the operating area?",Regulations,"Operational Rules, Preflight",Operations,General operations,1,12,Unit 1 — Part 107 Regulations,,keyword[Roles & Crew] (cat=Regulations),Regulations,Part 107 regulations and compliance,Replace K/L,Clear General operations; Category=Regulations
test,124,At what angle should a pilot enter the traffic pattern?,Airports & Airspace,"Airport Operations, Traffic Patterns",Operations,General operations,4,43,Unit 4 — Airport Operations,,keyword[Traffic Patterns] (cat=A&A),Operations,Airport operations and traffic patterns,Replace K/L,Airport ops (Unit 4)
test,125,"Before each flight, the Remote Pilot in Command must ensure that:",Regulations,"Operational Rules, Preflight",Operations,General operations,1,12,Unit 1 — Part 107 Regulations,,keyword[Roles & Crew] (cat=Regulations),Regulations,Part 107 regulations and compliance,Replace K/L,Clear General operations; Category=Regulations
test,126,"Before flying in a military operations area, an sUAS operator should do what to find out if it is active?",Airports & Airspace,"airspace classifications, MOA",Operations,General operations,2,241,"Unit 2 — Airports, Airspace & Data Sources",,keyword[Charts/Sectional] (cat=A&A),Airspace Classification and Operating Requirements,Controlled vs uncontrolled airspace / ATC authorization,Replace K/L,Airports & data sources (Unit 2)
test,128,Category 4 operations are limited to unmanned aircraft:,Regulations,Flying over people and moving objects,Operations,General operations,1,131,Unit 1 — Part 107 Regulations,,keyword[Registration/Inspection] (cat=Regulations),Regulations,Part 107 regulations and compliance,Replace K/L,Clear General operations; Category=Regulations
test,131,Damaged lithium batteries can cause,Operations,Maintenance & Inspection Procedures,Operations,General operations,7,,Unit 7 — Loading & Performance,,keyword[Loading/Performance],Aircraft Loading and Performance,"Weight, balance, and performance",Replace K/L,Loading (Unit 7)
test,133,"During a flight of your small UA, you observe a hot air balloon entering the area. You should",Regulations,Operational Rules,Operations,General operations,1,136,Unit 1 — Part 107 Regulations,,keyword[Right-of-way] (cat=Regulations),Regulations,Part 107 regulations and compliance,Replace K/L,Clear General operations; Category=Regulations
test,138,"During night operations, compensate for the night blind spot by:",Regulations,Flying at Night,Operations,General operations,1,17,Unit 1 — Part 107 Regulations,,keyword[Night ops] (cat=Regulations),Regulations,Part 107 regulations and compliance,Replace K/L,Clear General operations; Category=Regulations
test,139,"During your preflight inspection, you discover a small nick in the casing of your small UAS battery. What action should you take?",Operations,Operations and Procedures,Operations,General operations,1,138,Unit 1 — Part 107 Regulations,,keyword[Preflight/Airspace ops],Regulations,Part 107 regulations and compliance,Replace K/L,Clear General operations; Category=Regulations
test,144,"For Category 3 operations over people, the small unmanned aircraft must not cause injury equivalent to or greater than the impact of:",Regulations,Flying over people and moving objects,Operations,General operations,1,16,Unit 1 — Part 107 Regulations,,keyword[Flying over people] (cat=Regulations),Regulations,Part 107 regulations and compliance,Replace K/L,Clear General operations; Category=Regulations
test,150,How far in advance should waiver applications be submitted?,Regulations,Waivers,Operations,General operations,1,14,Unit 1 — Part 107 Regulations,,category=Regulations / sub='Waivers',Regulations,Part 107 regulations and compliance,Replace K/L,Clear General operations; Category=Regulations
test,151,How many minutes are in each degree of latitude or longitude?,Airports & Airspace,"Overview, L &L",Operations,General operations,2,22,"Unit 2 — Airports, Airspace & Data Sources",,keyword[Latitude/Longitude] (cat=A&A),Airspace Classification and Operating Requirements,Controlled vs uncontrolled airspace / ATC authorization,Replace K/L,Navigation L&L (Unit 2)
test,153,How often are sectional charts covering the continental U.S. updated?,Airports & Airspace,Aeronautical Charts,Operations,General operations,2,241,"Unit 2 — Airports, Airspace & Data Sources",,keyword[Charts/Sectional] (cat=A&A),Airspace Classification and Operating Requirements,Controlled vs uncontrolled airspace / ATC authorization,Replace K/L,Charts (Unit 2)
test,164,Lines of latitude,Airports & Airspace,"Overview, L &L",Operations,General operations,2,22,"Unit 2 — Airports, Airspace & Data Sources",,keyword[Latitude/Longitude] (cat=A&A),Airspace Classification and Operating Requirements,Controlled vs uncontrolled airspace / ATC authorization,Replace K/L,Navigation L&L (Unit 2)
test,166,Lines of longitude run from the North Pole to the South Pole.,Airports & Airspace,"Overview, L &L",Operations,General operations,2,22,"Unit 2 — Airports, Airspace & Data Sources",,keyword[Latitude/Longitude] (cat=A&A),Airspace Classification and Operating Requirements,Controlled vs uncontrolled airspace / ATC authorization,Replace K/L,Navigation L&L (Unit 2)
test,171,One in flight condition necessary for structural icing to form is,Weather,"effects on performance, structural icing",Operations,General operations,6,652,Unit 6 — Weather Effects on Performance,,keyword[Structural icing] (cat=Weather),Weather and Weather Sources,General weather concepts,Replace K/L,Unit 6 — General weather concepts
test,172,One weather phenomenon which will always occur when flying across a front is,Weather,"Effects on Performance, fronts",Operations,General operations,6,671,Unit 6 — Weather Effects on Performance,,keyword[Fronts] (cat=Weather),Weather and Weather Sources,General weather concepts,Replace K/L,Unit 6 — General weather concepts
test,176,Part 89 Remote Identification (Remote ID) requirements:,Regulations,Remote ID,Operations,General operations,1,15,Unit 1 — Part 107 Regulations,,category=Regulations / sub='Remote ID',Regulations,Part 107 regulations and compliance,Replace K/L,Clear General operations; Category=Regulations
test,186,Scheduled maintenance should be performed in accordance with the:,Additional topics,Maintenance & Inspection Procedures,Operations,General operations,9,95,Unit 9 — Aeronautical Decision Making,,keyword[Maintenance],Operations,Aeronautical decision-making and risk management,Replace K/L,ADM (Unit 9)
test,189,The cloud ceiling is at 800ft. What is the highest you can operate your drone?,Regulations,Operational Rules,Operations,General operations,1,139,Unit 1 — Part 107 Regulations,,keyword[Operating limitations] (cat=Regulations),Regulations,Part 107 regulations and compliance,Replace K/L,Clear General operations; Category=Regulations
test,195,The most comprehensive source of airport information is,Airports & Airspace,Airports data sources,Operations,General operations,2,23,"Unit 2 — Airports, Airspace & Data Sources",,keyword[Data sources] (cat=A&A),Airspace Classification and Operating Requirements,Controlled vs uncontrolled airspace / ATC authorization,Replace K/L,Airports & data sources (Unit 2)
test,203,The U.S. Air Force is operating an atmospheric research sUAS over Texas oil fields. Must it comply with Part 107?,Regulations,Operational Rules,Operations,General operations,1,11,Unit 1 — Part 107 Regulations,,keyword[Public aircraft exclusion] (cat=Regulations),Regulations,Part 107 regulations and compliance,Replace K/L,Clear General operations; Category=Regulations
test,204,Thunderstorms which generally produce the most intense hazards to aircraft are,Weather,"effects on performance, thunderstorms",Operations,General operations,6,66,Unit 6 — Weather Effects on Performance,,keyword[Thunderstorms (generic)] (cat=Weather),Weather and Weather Sources,General weather concepts,Replace K/L,Unit 6 — General weather concepts
test,205,"To avoid a possible collision with a manned airplane, you estimate that your small UA climbed to an altitude greater than 600 feet AGL. To whom must you report the deviation?",Regulations,Operational Rules,Operations,General operations,1,139,Unit 1 — Part 107 Regulations,,keyword[Operating limitations] (cat=Regulations),Regulations,Part 107 regulations and compliance,Replace K/L,Clear General operations; Category=Regulations
test,206,"To conduct Category 1 operations over people, the small unmanned aircraft:",Regulations,Flying over people and moving objects,Operations,General operations,1,15,Unit 1 — Part 107 Regulations,,keyword[Remote ID] (cat=Regulations),Regulations,Part 107 regulations and compliance,Replace K/L,Clear General operations; Category=Regulations
test,207,"To ensure that the unmanned aircraft center of gravity (CG) limits are not exceeded, follow the aircraft loading instructions specified in the",Loading & Performance,loading and performance,Operations,General operations,2,23,"Unit 2 — Airports, Airspace & Data Sources",,keyword[Data sources],Airspace Classification and Operating Requirements,Controlled vs uncontrolled airspace / ATC authorization,Replace K/L,Airports & data sources (Unit 2)
test,208,"To keep the small unmanned aircraft in the intended area and within visual line-of-sight (VLOS) during night operations, the Remote Pilot in Command:",Regulations,Flying at Night,Operations,General operations,1,12,Unit 1 — Part 107 Regulations,,keyword[Roles & Crew] (cat=Regulations),Regulations,Part 107 regulations and compliance,Replace K/L,Clear General operations; Category=Regulations
test,209,Towered airports have,Airports & Airspace,Airport Operations,Operations,General operations,4,421,Unit 4 — Airport Operations,,keyword[Towered/Non-towered procedures] (cat=A&A),Operations,Airport operations and traffic patterns,Replace K/L,Airport ops (Unit 4)
test,213,Under what condition should the Remote Pilot in Command of a small unmanned aircraft develop his or her own scheduled maintenance protocol?,Regulations,"Operations, Maintenance & Inspection Procedures",Operations,General operations,1,12,Unit 1 — Part 107 Regulations,,keyword[Roles & Crew] (cat=Regulations),Regulations,Part 107 regulations and compliance,Replace K/L,Clear General operations; Category=Regulations
test,214,Under what condition would a small UA not have to be registered before it is operated in the United States?,Regulations,Operations,Operations,General operations,1,131,Unit 1 — Part 107 Regulations,,keyword[Registration/Inspection] (cat=Regulations),Regulations,Part 107 regulations and compliance,Replace K/L,Clear General operations; Category=Regulations
test,216,"Upon request by the FAA, the remote pilot-in-command must provide",Regulations,"Regulations, Operational Rules",Operations,General operations,1,12,Unit 1 — Part 107 Regulations,,keyword[Roles & Crew] (cat=Regulations),Regulations,Part 107 regulations and compliance,Replace K/L,Clear General operations; Category=Regulations
test,221,What actions should the operator of an sUAS do if the manufacturer does not provide information about scheduled maintenance?,Additional topics,Maintenance & Inspection Procedures,Operations,General operations,9,95,Unit 9 — Aeronautical Decision Making,,keyword[Maintenance],Operations,Aeronautical decision-making and risk management,Replace K/L,ADM (Unit 9)
test,223,"What are characteristics of a moist, unstable air mass?",Weather,"effects on performance, atmosheric stability",Operations,General operations,6,631,Unit 6 — Weather Effects on Performance,,keyword[Obstacle / terrain turbulence] (cat=Weather),Weather and Weather Sources,General weather concepts,Replace K/L,Unit 6 — General weather concepts
test,226,What are the two main purposes of the Air Traffic Control (ATC) system?,Airports & Airspace,Airport Operations,Operations,General operations,2,21,"Unit 2 — Airports, Airspace & Data Sources",,keyword[NAS/ATC] (cat=A&A),Airspace Classification and Operating Requirements,Controlled vs uncontrolled airspace / ATC authorization,Replace K/L,Airports & data sources (Unit 2)
test,235,What does ADM provide to pilots as they handle different situations?,Additional Topics,ADM,Operations,General operations,9,91,Unit 9 — Aeronautical Decision Making,,category=Additional / sub=ADM,Operations,Aeronautical decision-making and risk management,Replace K/L,ADM (Unit 9)
test,236,What does an MEF value of 35 indicate?,Airports & airspace,Aeronautical Charts,Operations,General operations,2,241,"Unit 2 — Airports, Airspace & Data Sources",,keyword[Charts/Sectional] (cat=A&A),Airspace Classification and Operating Requirements,Controlled vs uncontrolled airspace / ATC authorization,Replace K/L,Charts (Unit 2)
test,240,What does the blue color of an airport symbol indicate?,Airports & airspace,Airspace Classification,Operations,General operations,2,242,"Unit 2 — Airports, Airspace & Data Sources",,keyword[Chart symbols/colors] (cat=A&A),Airspace Classification and Operating Requirements,Controlled vs uncontrolled airspace / ATC authorization,Replace K/L,Airports & data sources (Unit 2)
test,241,What does the IMSAFE checklist help an RPIC to assess before a flight?,Additional Topics,ADM,Operations,General operations,9,91,Unit 9 — Aeronautical Decision Making,,category=Additional / sub=ADM,Operations,Aeronautical decision-making and risk management,Replace K/L,ADM (Unit 9)
test,242,What does the magenta color of an airport symbol indicate?,Airports & airspace,Aeronautical Charts,Operations,General operations,2,242,"Unit 2 — Airports, Airspace & Data Sources",,keyword[Chart symbols/colors] (cat=A&A),Airspace Classification and Operating Requirements,Controlled vs uncontrolled airspace / ATC authorization,Replace K/L,Charts (Unit 2)
test,244,What effect does high density altitude have on the efficiency of a UA propeller?,weather,"effects on performance, atmosheric stability",Operations,General operations,6,612,Unit 6 — Weather Effects on Performance,,keyword[Density altitude] (cat=Weather),Weather and Weather Sources,General weather concepts,Replace K/L,Unit 6 — General weather concepts
test,254,What is 'Situational Awareness' and why is it important for a pilot?,Additional Topics,ADM,Operations,General operations,9,91,Unit 9 — Aeronautical Decision Making,,category=Additional / sub=ADM,Operations,Aeronautical decision-making and risk management,Replace K/L,ADM (Unit 9)
test,256,What is the effect of a high-density altitude on aircraft performance?,Weather,"effects on performance, high density altititude",Operations,General operations,6,61,Unit 6 — Weather Effects on Performance,,category=Weather / sub=Air density/pressure,Weather and Weather Sources,Density altitude & performance,Replace K/L,Unit 6 — Density altitude & performance
test,257,What is the effect of humidity on air density?,Weather,"effects on performance, air density",Operations,General operations,6,61,Unit 6 — Weather Effects on Performance,,category=Weather / sub=Air density/pressure,Weather and Weather Sources,Density altitude & performance,Replace K/L,Unit 6 — Density altitude & performance
test,260,What is the main difference between a cumulus cloud and a cumulonimbus cloud?,Weather,"Effects on Performance, clouds",Operations,General operations,6,661,Unit 6 — Weather Effects on Performance,,keyword[Cloud types] (cat=Weather),Weather and Weather Sources,General weather concepts,Replace K/L,Unit 6 — General weather concepts
test,262,What is the main difference between a surface-based temperature inversion and a frontal inversion?,Weather,"effects on performance, temp inversion",Operations,General operations,6,642,Unit 6 — Weather Effects on Performance,,keyword[Temperature inversion] (cat=Weather),Weather and Weather Sources,General weather concepts,Replace K/L,Unit 6 — General weather concepts
test,271,What is the maximum allowable altitude for sUAS flight under Part 107?,Regulations,Operational Rules,Operations,General operations,1,139,Unit 1 — Part 107 Regulations,,keyword[Operating limitations] (cat=Regulations),Regulations,Part 107 regulations and compliance,Replace K/L,Clear General operations; Category=Regulations
test,273,What is the maximum allowable groundspeed for sUAS?,Regulations,Operational Rules,Operations,General operations,1,139,Unit 1 — Part 107 Regulations,,keyword[Operating limitations] (cat=Regulations),Regulations,Part 107 regulations and compliance,Replace K/L,Clear General operations; Category=Regulations
test,275,What is the minimum distance a drone must maintain from clouds?,Regulations,Operational Rules,Operations,General operations,1,139,Unit 1 — Part 107 Regulations,,keyword[Operating limitations] (cat=Regulations),Regulations,Part 107 regulations and compliance,Replace K/L,Clear General operations; Category=Regulations
test,277,What is the minimum visibility requirement for unmanned flight operations from the ground control station?,Regulations,"Operational Rules, Weather",Operations,General operations,1,139,Unit 1 — Part 107 Regulations,,keyword[Operating limitations] (cat=Regulations),Regulations,Part 107 regulations and compliance,Replace K/L,Clear General operations; Category=Regulations
test,282,What is the primary characteristic of unstable air?,Weather,"effects on performance, atmosheric stability",Operations,General operations,6,641,Unit 6 — Weather Effects on Performance,,keyword[Convective currents / stability] (cat=Weather),Weather and Weather Sources,General weather concepts,Replace K/L,Unit 6 — General weather concepts
test,286,What is the primary difference between stable and unstable air?,Weather,"effects on performance, atmosheric stability",Operations,General operations,6,641,Unit 6 — Weather Effects on Performance,,keyword[Convective currents / stability] (cat=Weather),Weather and Weather Sources,General weather concepts,Replace K/L,Unit 6 — General weather concepts
test,288,What is the primary factor that determines the stability of an air mass?,Weather,"effects on performance, atmosheric stability",Operations,General operations,6,671,Unit 6 — Weather Effects on Performance,,keyword[Fronts] (cat=Weather),Weather and Weather Sources,General weather concepts,Replace K/L,Unit 6 — General weather concepts
test,290,What is the primary function of a MULTICOM frequency?,Additional topics,airport communications,Operations,General operations,2,21,"Unit 2 — Airports, Airspace & Data Sources",,keyword[NAS/ATC] (cat=Additional/communications),Airspace Classification and Operating Requirements,Controlled vs uncontrolled airspace / ATC authorization,Replace K/L,Airports & data sources (Unit 2)
test,294,What is the primary purpose of aeronautical charts?,Airports & airspace,Aeronautical Charts,Operations,General operations,2,241,"Unit 2 — Airports, Airspace & Data Sources",,category=A&A (default → charts),Airspace Classification and Operating Requirements,Controlled vs uncontrolled airspace / ATC authorization,Replace K/L,Charts (Unit 2)
test,295,What is the primary purpose of the CTAF?,Additional topics,airport communications,Operations,General operations,2,21,"Unit 2 — Airports, Airspace & Data Sources",,keyword[NAS/ATC] (cat=Additional/communications),Airspace Classification and Operating Requirements,Controlled vs uncontrolled airspace / ATC authorization,Replace K/L,Airports & data sources (Unit 2)
test,296,What is the primary purpose of the National Airspace System (NAS)?,Airports & Airspace,Overview,Operations,General operations,2,21,"Unit 2 — Airports, Airspace & Data Sources",,keyword[NAS/ATC] (cat=A&A),Airspace Classification and Operating Requirements,Controlled vs uncontrolled airspace / ATC authorization,Replace K/L,Airports & data sources (Unit 2)
test,299,What is the primary reason why the RPIC should document any emergency deviation from Part 107 regulations?,Additional topics,emergency procedure,Operations,General operations,8,,Unit 8 — Emergency Procedures,,category=Additional / emergency,Regulations,Part 107 regulations and compliance,Replace K/L,Emergency (Unit 8) — consider new Category
test,300,What is the primary reason why the text emphasizes the importance of remaining calm during an emergency?,Additional topics,"ADM, emeregency",Operations,General operations,8,,Unit 8 — Emergency Procedures,,category=Additional / emergency,Regulations,Part 107 regulations and compliance,Replace K/L,Emergency (Unit 8) — consider new Category
test,308,What is the purpose of NOTAMs?,Airports & Airspace,Overview,Operations,General operations,2,23,"Unit 2 — Airports, Airspace & Data Sources",,keyword[Data sources] (cat=A&A),Airspace Classification and Operating Requirements,Controlled vs uncontrolled airspace / ATC authorization,Replace K/L,Airports & data sources (Unit 2)
test,309,What is the purpose of Remote ID?,Regulations,Remote ID,Operations,General operations,1,15,Unit 1 — Part 107 Regulations,,category=Regulations / sub='Remote ID',Regulations,Part 107 regulations and compliance,Replace K/L,Clear General operations; Category=Regulations
test,310,What is the purpose of the CTAF frequency listed on a chart?,Airports & airspace,"Airport Operations, Operating Requirements",Operations,General operations,2,21,"Unit 2 — Airports, Airspace & Data Sources",,keyword[NAS/ATC] (cat=A&A),Airspace Classification and Operating Requirements,Controlled vs uncontrolled airspace / ATC authorization,Replace K/L,Airports & data sources (Unit 2)
test,317,What is the recommended action for an unmanned aircraft operator if they encounter a frontal zone?,Weather,"effects of Performance,front",Operations,General operations,6,671,Unit 6 — Weather Effects on Performance,,keyword[Fronts] (cat=Weather),Weather and Weather Sources,General weather concepts,Replace K/L,Unit 6 — General weather concepts
test,318,What is the recommended action for an unmanned aircraft operator if they see stratified clouds during a preflight visual assessment?,Weather,"effects of Performance, clouds",Operations,General operations,6,641,Unit 6 — Weather Effects on Performance,,keyword[Convective currents / stability] (cat=Weather),Weather and Weather Sources,General weather concepts,Replace K/L,Unit 6 — General weather concepts
test,322,What is the relationship between temperature and dew point?,Weather,"effects on performance,",Operations,General operations,6,651,Unit 6 — Weather Effects on Performance,,keyword[Dew point] (cat=Weather),Weather and Weather Sources,General weather concepts,Replace K/L,Unit 6 — General weather concepts
test,326,"What is the relationship of lift, drag, thrust, and weight when the airplane is in straight-and-level flight?",Loading & Performance,loading and performance,Operations,General operations,7,,Unit 7 — Loading & Performance,,keyword[Loading/Performance],Aircraft Loading and Performance,"Weight, balance, and performance",Replace K/L,Loading (Unit 7)
test,327,What is the role of Standard Operating Procedures (SOP) in Crew Resource Management (CRM)?,Additional Topics,"ADM, CRM",Operations,General operations,9,91,Unit 9 — Aeronautical Decision Making,,category=Additional / sub=ADM,Operations,Aeronautical decision-making and risk management,Replace K/L,ADM (Unit 9)
test,333,What is the standard sea level pressure in millibars?,Weather,"effects on performance, density altititude",Operations,General operations,6,61,Unit 6 — Weather Effects on Performance,,category=Weather / sub=Air density/pressure,Weather and Weather Sources,Density altitude & performance,Replace K/L,Unit 6 — Density altitude & performance
test,335,What is the standard temperature at sea level?,Weather,"effects on performance, standard temp",Operations,General operations,5,51,Unit 5 — Weather (sources),,category=Weather (no sub-unit match → 51 default),Weather and Weather Sources,General weather concepts,Replace K/L,Unit 5 — General weather concepts
test,337,What is the typical size of a quadrant used for MEF calculations?,Airports & airspace,Aeronautical Charts,Operations,General operations,2,241,"Unit 2 — Airports, Airspace & Data Sources",,keyword[Charts/Sectional] (cat=A&A),Airspace Classification and Operating Requirements,Controlled vs uncontrolled airspace / ATC authorization,Replace K/L,Charts (Unit 2)
test,339,What makes integrating sUAS into the NAS complex?,Airports & Airspace,Overview,Operations,General operations,2,21,"Unit 2 — Airports, Airspace & Data Sources",,keyword[NAS/ATC] (cat=A&A),Airspace Classification and Operating Requirements,Controlled vs uncontrolled airspace / ATC authorization,Replace K/L,Airports & data sources (Unit 2)
test,340,"What must a person, who is manipulating the controls of a small unmanned aircraft, do if the standard remote identification fails during a flight?",Regulations,Remote ID,Operations,General operations,1,15,Unit 1 — Part 107 Regulations,,category=Regulations / sub='Remote ID',Regulations,Part 107 regulations and compliance,Replace K/L,Clear General operations; Category=Regulations
test,343,What must be made available upon request by law enforcement during an sUAS operation?,Regulations,Operations,Operations,General operations,1,12,Unit 1 — Part 107 Regulations,,keyword[Roles & Crew] (cat=Regulations),Regulations,Part 107 regulations and compliance,Replace K/L,Clear General operations; Category=Regulations
test,345,What precautions should a remote PIC do to prevent possible inflight emergencies when using lithium-based batteries?,Additional topics,"Operations, Maintenance and Procedures",Operations,General operations,8,,Unit 8 — Emergency Procedures,,category=Additional / emergency (battery),Regulations,Part 107 regulations and compliance,Replace K/L,Emergency (Unit 8) — consider new Category
test,356,"When a control tower located on an airport within Class D airspace ceases operation for the day, what happens to the airspace designation?",Airports & Airspace,Airport Classificatons,Operations,General operations,3,324,Unit 3 — Airspace Classifications,,keyword[Class D] (cat=A&A),Airspace Classification and Operating Requirements,Controlled vs uncontrolled airspace / ATC authorization,Replace K/L,Airspace classification (Unit 3)
test,357,When a remote pilot-in-command and a visual observer define their roles and responsibilities prior to and during the operation of a small UA is a good use of,Regulations,Roles,Operations,General operations,1,12,Unit 1 — Part 107 Regulations,,sub-category=Roles,Regulations,Part 107 regulations and compliance,Replace K/L,Clear General operations; Category=Regulations
test,360,"When conducting operations during civil twilight or at night, the small unmanned aircraft must be equipped with anti-collision lights that are capable of being visible for at least:",Regulations,"Operating Rules, Twilight",Operations,General operations,1,139,Unit 1 — Part 107 Regulations,,keyword[Operating limitations] (cat=Regulations),Regulations,Part 107 regulations and compliance,Replace K/L,Clear General operations; Category=Regulations
test,362,"When flying near natural or man-made obstructions, an unmanned aircraft operator can expect:",Weather,"effects on performance, obstructions",Operations,General operations,6,631,Unit 6 — Weather Effects on Performance,,keyword[Obstacle / terrain turbulence] (cat=Weather),Weather and Weather Sources,General weather concepts,Replace K/L,Unit 6 — General weather concepts
test,363,"When loading cameras or other equipment on a small UAS, mount the items in a manner that",Loading & Performance,loading and performance,Operations,General operations,1,12,Unit 1 — Part 107 Regulations,,keyword[Roles & Crew],Regulations,Part 107 regulations and compliance,Replace K/L,Clear General operations; Category=Regulations
test,368,"When requesting a waiver, the required documents should be presented to the FAA at least how many calendar days prior to the planned operation?",Regulations,Waivers,Operations,General operations,1,14,Unit 1 — Part 107 Regulations,,category=Regulations / sub='Waivers',Regulations,Part 107 regulations and compliance,Replace K/L,Clear General operations; Category=Regulations
test,370,"When using a small unmanned aircraft in a non-recreational operation, who is responsible for informing the participants about emergency procedures?",Regulations,Operational Rules,Operations,General operations,1,12,Unit 1 — Part 107 Regulations,,keyword[Roles & Crew] (cat=Regulations),Regulations,Part 107 regulations and compliance,Replace K/L,Clear General operations; Category=Regulations
test,371,Where can NOTAMs be found?,Airports & airspace,Airport Operations,Operations,General operations,2,21,"Unit 2 — Airports, Airspace & Data Sources",,keyword[NAS/ATC] (cat=A&A),Airspace Classification and Operating Requirements,Controlled vs uncontrolled airspace / ATC authorization,Replace K/L,Airports & data sources (Unit 2)
test,377,Which best describes a declaration of compliance?,Regulations,"Waivers, DOC",Operations,General operations,1,14,Unit 1 — Part 107 Regulations,,"category=Regulations / sub='Waivers, DOC'",Regulations,Part 107 regulations and compliance,Replace K/L,Clear General operations; Category=Regulations
test,378,Which category of UA may operate over people without a waiver if it weighs less than 0.55 lbs and has no exposed rotating parts?,Regulations,Flying over people and moving objects,Operations,General operations,1,14,Unit 1 — Part 107 Regulations,,keyword[Waivers] (cat=Regulations),Regulations,Part 107 regulations and compliance,Replace K/L,Clear General operations; Category=Regulations
test,394,Which of the following is included in the Chart Supplement U.S.?,Airports & airspace,Airspace Classifications,Operations,General operations,2,23,"Unit 2 — Airports, Airspace & Data Sources",,keyword[Data sources] (cat=A&A),Airspace Classification and Operating Requirements,Controlled vs uncontrolled airspace / ATC authorization,Replace K/L,Airports & data sources (Unit 2)
test,397,Which of the following is NOT an airport ownership classification?,Airports & airspace,Airport Operations,Operations,General operations,4,41,Unit 4 — Airport Operations,,keyword[Airport ownership] (cat=A&A),Operations,Airport operations and traffic patterns,Replace K/L,Airport ops (Unit 4)
test,399,Which of the following is prohibited without prior authorization?,Regulations,Operational Rules,Operations,General operations,1,138,Unit 1 — Part 107 Regulations,,keyword[Preflight/Airspace ops] (cat=Regulations),Regulations,Part 107 regulations and compliance,Replace K/L,Clear General operations; Category=Regulations
test,401,Which of the following is true for Category 3 UA operations over people?,Regulations,Flying over people and moving objects,Operations,General operations,1,16,Unit 1 — Part 107 Regulations,,keyword[Flying over people] (cat=Regulations),Regulations,Part 107 regulations and compliance,Replace K/L,Clear General operations; Category=Regulations
test,402,Which of the following operations can be waived?,Regulations,Waivers,Operations,General operations,1,14,Unit 1 — Part 107 Regulations,,category=Regulations / sub='Waivers',Regulations,Part 107 regulations and compliance,Replace K/L,Clear General operations; Category=Regulations
test,403,Which of the following operations is explicitly excluded from Part 107 applicability?,Regulations,Applicability,Operations,General operations,1,11,Unit 1 — Part 107 Regulations,,sub-category=Applicability,Regulations,Part 107 regulations and compliance,Replace K/L,Clear General operations; Category=Regulations
test,404,Which of the following operations require adherence to 14 CFR 107?,Regulations,Applicability,Operations,General operations,1,11,Unit 1 — Part 107 Regulations,,sub-category=Applicability,Regulations,Part 107 regulations and compliance,Replace K/L,Clear General operations; Category=Regulations
test,409,Which of the following types of operations are excluded from the requirements in part 107?,Regulations,Applicability,Operations,General operations,1,11,Unit 1 — Part 107 Regulations,,sub-category=Applicability,Regulations,Part 107 regulations and compliance,Replace K/L,Clear General operations; Category=Regulations
test,413,Which regulation governs the registration of small unmanned aircraft?,Regulations,Operations,Operations,General operations,1,131,Unit 1 — Part 107 Regulations,,keyword[Registration/Inspection] (cat=Regulations),Regulations,Part 107 regulations and compliance,Replace K/L,Clear General operations; Category=Regulations
test,415,Which source contains the most comprehensive airport information?,Airports & Airspace,Overview,Operations,General operations,2,23,"Unit 2 — Airports, Airspace & Data Sources",,keyword[Data sources] (cat=A&A),Airspace Classification and Operating Requirements,Controlled vs uncontrolled airspace / ATC authorization,Replace K/L,Airports & data sources (Unit 2)
test,419,Which technique should a remote pilot use to scan for traffic? A remote pilot should,Regulations,Operations,Operations,General operations,1,,Unit 1 — Part 107 Regulations,,category=Regulations (no sub-unit match),Regulations,Part 107 regulations and compliance,Replace K/L,Clear General operations; Category=Regulations
test,425,"While conducting a drone inspection near an industrial facility, you observe a smoke stack flume that is rapidly rising, breaking apart, and swirling in multiple directions shortly after exiting the stack. What type of condition is most likely present?",weather,effects on Performance,Operations,General operations,6,631,Unit 6 — Weather Effects on Performance,,keyword[Obstacle / terrain turbulence] (cat=Weather),Weather and Weather Sources,General weather concepts,Replace K/L,Unit 6 — General weather concepts
test,433,"While operating around buildings, the Remote Pilot in Command should be aware of the creation of wind gusts that",Weather,"effects on performance, wind",Operations,General operations,6,631,Unit 6 — Weather Effects on Performance,,keyword[Obstacle / terrain turbulence] (cat=Weather),Weather and Weather Sources,General weather concepts,Replace K/L,Unit 6 — General weather concepts
test,441,Why is it important for sUAS operators to understand airport runway layouts?,Airports & Airspace,"Airport Operations, Runways",Operations,General operations,4,43,Unit 4 — Airport Operations,,keyword[Traffic Patterns] (cat=A&A),Operations,Airport operations and traffic patterns,Replace K/L,Airport ops (Unit 4)
test,442,Why is runway elevation important for sUAS operators?,Airports & airspace,Airport Operations,Operations,General operations,2,243,"Unit 2 — Airports, Airspace & Data Sources",,keyword[Runway elevation (chart)] (cat=A&A),Airspace Classification and Operating Requirements,Controlled vs uncontrolled airspace / ATC authorization,Replace K/L,Airports & data sources (Unit 2)
test,443,Why should sUAS operators avoid flying near birds?,Airports & Airspace,"Airport Operations, wildlife",Operations,General operations,1,,Unit 1 — Part 107 Regulations,,keyword[Generic Part 107] (cat=A&A fallback),Operations,Airport operations and traffic patterns,Replace K/L,Wildlife near airports — Unit 4 (not General operations or Regulations)
test,445,Wind Shear can exist at,Weather,"effects on performance, wind",Operations,General operations,6,632,Unit 6 — Weather Effects on Performance,,keyword[Wind shear / microburst] (cat=Weather),Weather and Weather Sources,General weather concepts,Replace K/L,Unit 6 — General weather concepts
test,447,"You are a remote pilot for a co-op energy service provider. You are to use your UA to inspect power lines in a remote area 15 hours away from your home office. After the drive, fatigue impacts your abilities to complete your assignment on time. Fatigue can be recognized",Regulations,"Operational Rules, Medical Condition",Operations,General operations,1,133,Unit 1 — Part 107 Regulations,,"category=Regulations / sub='Operational Rules, Medical Condition'",Regulations,Part 107 regulations and compliance,Replace K/L,Clear General operations; Category=Regulations
test,452,You encounter an unmanned hot air balloon during flight. What should you do?,Additional topics,Airport Operations,Operations,General operations,1,136,Unit 1 — Part 107 Regulations,,keyword[Right-of-way],Regulations,Part 107 regulations and compliance,Replace K/L,Clear General operations; Category=Regulations
test,457,You have received an outlook briefing from flight service through 1800wxbrief.com. The briefing indicates you can expect a low-level temperature inversion with high relative humidity. What weather conditions would you expect?,weather,"Effects on Performance, Temperature Inversion",Operations,General operations,5,51,Unit 5 — Weather (sources),,keyword[Weather sources] (cat=Weather),Weather and Weather Sources,General weather concepts,Replace K/L,Unit 5 — General weather concepts
test,460,You plan to release golf balls from your small UA at an altitude of 100 feet AGL. You must ensure the objects being dropped will,Regulations,Operational Rules,Operations,General operations,1,132,Unit 1 — Part 107 Regulations,,keyword[Accident/Emergency/Hazardous] (cat=Regulations),Regulations,Part 107 regulations and compliance,Replace K/L,Clear General operations; Category=Regulations
test,462,You’re flying near mountains and there are lenticular clouds. What kind of weather should you expect?,Weather,"effects on performance, obstructions, clouds",Operations,General operations,6,631,Unit 6 — Weather Effects on Performance,,keyword[Obstacle / terrain turbulence] (cat=Weather),Weather and Weather Sources,General weather concepts,Replace K/L,Unit 6 — General weather concepts
test,463,You're conducting a night flight with a visual observer (VO). Which of the following is required for a safe operation?,Regulations,Flying at Night,Operations,General operations,1,12,Unit 1 — Part 107 Regulations,,keyword[Roles & Crew] (cat=Regulations),Regulations,Part 107 regulations and compliance,Replace K/L,Clear General operations; Category=Regulations
test,464,You're flying a mission and you need to hand over the controls to another certified remote pilot. What must occur?,Regulations,Operational Rules,Operations,General operations,1,12,Unit 1 — Part 107 Regulations,,keyword[Crew transfer] (cat=Regulations),Regulations,Part 107 regulations and compliance,Replace K/L,Clear General operations; Category=Regulations
test,465,You're flying near an aircraft broadcasting ADS-B Out signals. What is required of your drone?,Regulations,Remote ID,Operations,General operations,1,15,Unit 1 — Part 107 Regulations,,category=Regulations / sub='Remote ID',Regulations,Part 107 regulations and compliance,Replace K/L,Clear General operations; Category=Regulations
test,466,You're flying your drone near an airport and you notice a manned aircraft approaching your area at a lower altitude than expected. What should you do?,Regulations,Operational Rules,Operations,General operations,1,136,Unit 1 — Part 107 Regulations,,keyword[Right-of-way] (cat=Regulations),Regulations,Part 107 regulations and compliance,Replace K/L,Clear General operations; Category=Regulations
test,468,You're planning to fly a fixed-wing unmanned aircraft from a high mountain plateau on a hot summer day. What should you consider?,Weather,"effects on performance, mountain",Operations,General operations,5,51,Unit 5 — Weather (sources),,category=Weather (no sub-unit match → 51 default),Weather and Weather Sources,General weather concepts,Replace K/L,Unit 5 — General weather concepts
